比利时VS安道尔,1.01,16,35,3,3,,3
荷兰VS哈萨克斯坦,1.03,13,28,3,3,,3
国际米兰VS加尔扎拜尔星,1.07,9.5,22,3,3,,3
皇马VS卢多戈雷茨,1.08,9.5,22,3,3,,3
皇马VS西班牙人,1.08,9.5,22,3,3,,3
巴 萨VS埃尔切,1.1,8,20,3,3,,3
意大利VS阿塞拜疆,1.1,8,20,3,3,,3
保加利亚VS马尔他,1.12,8,16,3,3,,1
斯洛伐克VS马耳他,1.15,6.2,14,3,3,,3
PSV埃因霍温 VS 索利戈尔斯克矿工,1.15,7,15,3,3,,3
托特纳姆热刺VS AEL利马索尔,1.15,7,15,3,3,,3
巴萨VS阿贾克斯,1.15,7,15,3,3,,3
荷兰VS拉脱维亚,1.15,7,15,3,3,,3
塞浦路斯VS安道尔,1.15,7,15,3,3,,3
拜仁VS斯图加特,1.17,6.5,14,3,3,,3
切尔西VS马里博尔,1.17,6.5,14,3,3,,3
马竞VS马尔默,1.17,6.5,14,3,3,,3
切尔西VS赫尔城,1.17,6.5,14,3,3,,3
加纳VS乌干达,1.2,5.2,11,,,3,1
埃因霍VS布雷达,1.2,5.2,11,3,3,,3
俄罗斯VS阿塞拜疆,1.2,5.5,12,3,3,,3
曼城VS斯托克城,1.2,5.8,13,3,3,,0
日尔曼VS巴斯蒂,1.2,5.8,13,3,3,,3
门兴格拉德巴赫VS萨拉热窝,1.2,5.8,13,3,3,,3
罗马VS切塞那,1.2,5.8,13,3,3,,3
土耳其VS哈萨克斯坦,1.2,5.8,13,3,3,,3
曼城VS桑德兰,1.2,5.8,13,3,3,,3
马竞VS莱万特,1.2,5.8,13,3,3,,3
切尔西VS莱切斯特,1.22,5.5,12,3,3,,3
皇马VS毕尔巴鄂,1.22,5.5,12,3,3,,3
门兴VS利阿波罗,1.22,5.5,12,3,3,,3
尤文图斯VS巴勒莫,1.22,5.5,12,3,3,,3
切尔西VS纽卡斯尔,1.22,5.5,12,3,3,,3
皇家社会VS奥维多,1.25,4.7,10,3,3,,3
爱尔兰VS阿曼,1.25,5,10,3,3,,3
瑞典VS爱沙尼亚,1.25,5,10,3,31,,3
葡萄牙VS阿尔巴尼亚,1.25,5.5,10.3,31,3,3,0
拜仁VS沃尔夫,1.25,5.5,10.3,3,3,,3
勒沃库森VS哥本哈根,1.25,5.5,10.3,3,3,,3
多特VS弗赖堡,1.25,5.5,10.3,3,3,,3
切尔西VS维拉,1.25,5.5,10.3,3,3,,3
比利亚雷VS卡迪斯,1.25,5.5,10.3,3,3,,3
利物浦VS维拉,1.27,5.2,10,3,3,,0
都灵VS RNK斯普利特,1.27,5.2,10,3,3,,3
热刺VS特里波利,1.27,5.2,10,3,3,,3
毕尔巴鄂VS巴特,1.27,5.5,9.5,3,31,,3
科林蒂安VS布拉干,1.3,4.2,8,,,,3
川崎前锋VS德岛漩涡,1.3,4.4,8.5,,,,3
马尔默VS厄勒布,1.3,4.8,8.5,3,3,,3
克罗地亚VS塞浦路斯,1.3,4.8,8.5,31,3,,3
里昂VS 久尔久,1.3,5,9,31,3,,0
利物浦VS莱切斯特,1.3,5,9,3,3,,1
阿森纳VS贝西克塔,1.3,5,9,31,3,,3
切尔西VS斯旺西,1.3,5,9,3,3,,3
曼联VS女王巡游者,1.3,5,9,3,3,,3
霍芬海姆VS FSV法兰,1.3,5,9,3,3,,3
沃夫斯堡VS海登海默,1.3,5,9,30,3,,3
尤文图斯VS都灵,1.3,5,9,3,3,,3
萨尔茨堡VS马尔默,1.33,4.8,8.3,3,3,,3
阿森纳VS水晶宫,1.33,5,7.8,3,3,,3
泽尼特VS标准列日,1.33,5,8,3,3,,3
奥林匹亚VS马尔默,1.33,5,8,31,31,,3
特温特VS海 牙,1.35,4.2,7.5,31,3,,1
维冈竞技VS布莱克浦,1.35,4.2,7.5,,,,3
广州恒大VS西悉尼,1.35,4.2,7.5,31,3,,3
圣保罗VS克里西,1.35,4.2,7.5,,,,3
克鲁塞罗VS帕尔梅啦,1.35,4.5,7.3,31,3,,1
克鲁塞罗VS巴伊亚,1.35,4.5,7.3,,,,3
那不勒斯VS切沃,1.35,4.8,7.6,3,3,,0
勒沃库森VS云达不莱梅,1.35,4.8,7.6,,3,,1
切尔西VS沙尔克,1.35,4.8,7.6,3,3,,1
比利时VS威尔士,1.35,4.8,7.6,3,3,,1
费耶诺德VS佐里亚,1.35,4.8,7.6,,,,3
曼联VS西汉姆联,1.35,4.8,7.6,3,3,,3
比利时VS澳大利亚,1.37,4.3,7.2,3,31,,3
莫迪纳摩VS奥莫尼亚,1.37,4.6,7.5,,,,1
沃夫斯堡VS帕德博恩,1.37,4.8,7.2,30,3,,1
横滨水手VS北九州,1.4,3.9,6,,,,1
斯托克VS朴茨茅斯,1.4,3.9,6,,,,3
广岛三箭VS水户蜀葵,1.4,3.9,6,,,,3
费耶诺德VS乌德勒,1.4,4,6.5,3,3,,0
厄勒布鲁VS布鲁马波卡那,1.4,4.1,7,,,,3
圣保罗VS累西腓体育,1.4,4.1,7,31,31,,3
多特VS安德莱森,1.4,4.4,7.3,3,3,,1
塞维利亚VS埃瓦尔,1.4,4.4,7.3,3,3,,1
圣埃蒂安VS卡拉比克体育,1.4,4.4,7.3,31,31,,3
赫尔城VS洛克伦,1.4,4.4,7.3,3,31,,3
丹麦VS亚美尼亚,1.4,4.4,7.3,3,31,,3
国际米兰VS萨索洛,1.4,4.4,7.3,31,31,,3
拉齐奥VS切塞那,1.4,4.4,7.3,3,3,,3
比利亚雷VS苏黎世,1.4,4.4,7.3,3,3,,3
都灵VS赫尔辛基,1.4,4.4,7.3,31,3,,3
塞维利亚VS格拉纳达,1.4,4.4,7.3,31,3,,3
西汉姆联队VS谢菲尔德,1.45,3.8,5.4,,,,1
斯旺西VS罗瑟汉姆,1.45,3.8,5.4,,,,3
浦和红钻VS大宫松鼠,1.45,3.9,6,,,,3
巴西国际VS费古埃论,1.45,3.9,6.5,31,31,,0
洛城银河VS科罗拉多,1.45,3.9,6.5,,,31,3
巴西VS厄瓜多尔,1.45,3.9,6.5,,,,3
格雷米奥VS费古埃伦,1.45,3.9,6.5,3,3,,3
热 刺VS巡游者,1.45,4,7,13,3,,3
塞维利亚VS赫塔费,1.45,4,7,3,3,,3
拉齐奥VS萨索洛,1.45,4,7,31,31,,3
比利亚雷VS阿梅利亚,1.45,4,7,3,3,,3
那不勒斯VS维罗纳,1.45,4,7,3,3,,3
门兴VS不莱梅,1.45,4,7,3,3,,3
因格施塔VS圣保利,1.45,4,7,3,3,,3
阿森纳VS斯托克城,1.45,4,7,3,3,,3
特鲁瓦VS拉瓦勒,1.5,3.5,6.3,,3,,1
瓦尔瓦VS奥斯,1.5,3.7,5,,3,,0
阿斯顿维拉VS莱顿东方,1.5,3.7,5,,,,0
诺维奇VS克劳利,1.5,3.7,5,,,,3
天主大学VS FC河床,1.5,3.8,5.5,,,,0
赫尔辛堡VS哈尔姆斯,1.5,3.8,5.7,,,,0
克鲁塞VS桑托斯,1.5,3.8,5.7,3,3,,3
马尔默VS北雪平,1.5,3.8,5.7,,,,3
罗森博格VS博德闪耀,1.5,3.8,5.7,,,,3
巴西国际VS博塔弗戈,1.5,3.8,5.7,,,,3
莫尔德VS维京,1.5,3.9,5,3,3,,3
圣艾蒂安VS朗斯,1.5,3.9,6.3,,3,,1
费耶诺VS海伦芬,1.5,4,5.2,,3,,1
凯尔特人VS马里博尔,1.5,4,6.1,31,3,,0
AC米兰 VS巴勒莫,1.5,4,6.1,31,3,,0
马拉加VS阿梅里亚,1.5,4,6.1,31,3,,0
毕尔巴鄂VS埃尔切,1.5,4,6.1,31,3,,0
勒沃库森VS柏林赫塔,1.5,4,6.1,3,3,,3
那不勒斯VS都灵,1.5,4,6.1,3,31,,3
昂热VS沙托鲁,1.55,3.4,5.8,,,,1
第戎VS图尔,1.55,3.5,5.6,,,,0
西雅图VS圣何塞,1.55,3.7,5.4,,,,1
米内罗竞技VS费古埃伦,1.55,3.7,5.4,31,31,,1
格雷米VS克里西,1.55,3.7,5.4,3,3,,3
奥德VS斯达,1.55,3.7,5.4,,,,3
英格兰VS挪威,1.55,3.7,5.4,31,31,,3
科林蒂安VS维多利亚,1.55,3.7,5.4,10,31,,3
匈牙利VS北爱尔兰,1.55,3.9,5.6,31,31,31,0
埃因霍温VS帕纳辛纳,1.55,3.9,5.6,31,31,,1
莱比锡红牛VS奥厄,1.55,3.9,5.6,3,31,,1
莱比锡VS奥厄,1.55,3.9,5.6,,3,,3
波尔图VS里尔,1.55,3.9,5.6,3,31,,3
凯泽VS FSV法兰,1.55,3.9,5.6,,3,,3
南安普顿VS女王巡游者,1.55,3.9,5.6,3,31,,3
沃尔夫VS云达不莱梅,1.55,4,5.5,3,31,,3
巴萨VS马竞,1.55,4.2,5.2,3,3,,3
多特蒙德VS勒沃库森,1.55,4.3,5,3,3,,0
乌迪内斯VS切塞那,1.57,3.75,5.6,3,3,,1
巴萨VS日耳曼,1.57,4,5.2,31,3,,3
老男孩VS贝尔格拉,1.6,3.3,4.9,,,,1
普雷斯顿VS什鲁斯,1.6,3.4,4.6,,,,3
勒阿弗尔VS沙托鲁,1.6,3.4,5.2,,,,1
瓦尔韦克VS特温青年,1.6,3.5,4.5,,,,0
卡尔马VS法尔肯,1.6,3.5,4.5,,,,3
德比郡VS查尔顿,1.6,3.5,4.5,,,,3
伯恩矛斯VS利兹联,1.6,3.6,4.8,3,31,,0
埃蒂安VS兰斯,1.6,3.6,5,3,3,,1
博德VS桑内斯,1.6,3.6,5,31,31,,3
桑托斯VS维多利亚,1.6,3.6,5,,,31,3
科里蒂巴VS博塔弗戈,1.6,3.6,5,3,31,,3
波尔多VS卡昂,1.6,3.6,5.6,10,31,,1
罗达JC VS埃因FC,1.6,3.6,5.6,3,3,,3
马赛VS尼斯,1.6,3.6,5.6,,,,3
奥德VS布兰,1.6,3.7,4.2,,,,3
马竞VS比利亚雷,1.6,3.7,5.4,31,3,,0
佛罗伦萨VS热那亚,1.6,3.7,5.4,31,31,,1
巴伦西亚VS马拉加,1.6,3.7,5.4,,3,,3
阿森纳VS纽卡斯尔,1.6,3.7,5.4,3,3,,3
塞维利亚VS塞尔塔,1.6,3.7,5.4,31,31,,3
鹿斯巴达VS海尔蒙特,1.6,3.8,4.7,31,3,,3
皇马VS马德里竞技,1.6,3.9,5,31,31,,0
巴伦西亚VS西班牙人,1.6,3.9,5,31,31,,3
拜仁VS曼城,1.6,3.9,5,3,31,,3
福利特VS莫克姆,1.65,3.3,4.4,,,,0
切尔西VS里斯本,1.65,3.3,5.8,31,31,,3
米竞技VS帕尔梅啦,1.65,3.4,4.2,,,,3
德比郡VS伊普斯,1.65,3.5,4.5,,,,1
伯恩矛斯VS罗瑟汉姆,1.65,3.5,4.5,,,,1
维冈竞技VS伯明翰,1.65,3.5,4.5,,,,3
米内罗竞技VS博塔弗戈,1.65,3.5,4.6,3,31,,3
圣保罗VS巴拉那竞技,1.65,3.5,4.6,31,31,,3
科里蒂巴VS克里西,1.65,3.5,4.6,3,31,,3
里昂VS图卢兹,1.65,3.5,5.3,3,31,,3
热刺VS纽卡斯尔,1.65,3.6,5.1,30,31,,0
皇马VS马德里竞技,1.65,3.6,5.1,3,3,,1
莱万特VS阿尔巴切,1.65,3.6,5.1,31,31,,1
切尔西VS阿森纳,1.65,3.6,5.1,3,3,,3
AC米兰VS乌迪内斯,1.65,3.6,5.1,3,3,,3
西班牙人VS阿拉维斯,1.65,3.6,5.1,31,31,,3
卡利亚里VS切塞那,1.65,3.6,5.1,3,31,,3
利勒斯VS萨尔茨堡 ,1.65,3.7,4.4,3,31,,0
沙尔克04VS科隆,1.65,3.7,4.9,31,31,,0
沃夫斯堡VS法兰克福,1.65,3.7,4.9,3,31,,1
特温特VS卡拉巴赫 ,1.65,3.8,4.6,31,31,,1
新泻天鹅VS长崎航海,1.7,3.2,4.2,,,,1
第戎VS欧塞尔,1.7,3.3,4.5,,,,3
阿尔梅勒VS特温青年,1.7,3.4,3.9,,,,0
莱顿东方VS沃尔索尔,1.7,3.4,3.9,,,,1
布里斯托VS斯坎索普,1.7,3.4,3.9,,,10,3
东京FC VS清水鼓动,1.7,3.4,4.3,,,,0
丹奴比奥VS卡比亚塔,1.7,3.4,4.3,,,,1
米尔沃尔VS布莱克浦,1.7,3.4,4.3,,,,3
大阪钢巴VS神户胜利,1.7,3.4,4.3,,,,3
伯恩茅斯VS雷丁,1.7,3.4,4.3,3,31,,3
特鲁瓦VS阿雅克肖,1.7,3.5,4.4,,,,0
索尔纳VS佐加顿 ,1.7,3.5,4.4,3,31,,1
格雷米奥VS巴拉纳竞技,1.7,3.5,4.4,30,3,,3
帕尔梅拉VS克里西,1.7,3.5,4.4,3,31,,3
奥德VS维京,1.7,3.5,4.4,,,,3
埃蒂安VS雷 恩,1.7,3.5,4.85,3,31,,1
图卢兹VS伊维恩,1.7,3.5,4.85,,,,3
里尔VS南特,1.7,3.5,4.85,,,,3
葡萄牙国民VS明斯克迪纳摩,1.7,3.6,4.7,3,31,,0
那不勒斯VS毕尔巴鄂竞技,1.7,3.6,4.7,3,3,,1
罗马尼亚VS匈牙利,1.7,3.6,4.7,3,31,,1
斯旺西VS伯恩利 ,1.7,3.6,4.7,31,3,,3
布拉格斯巴达VS兹沃勒,1.7,3.6,4.7,30,31,,3
罗马VS佛罗伦萨,1.7,3.6,4.7,3,31,,3
苏格兰VS格鲁吉亚,1.7,3.6,4.7,31,31,,3
罗马VS国际米兰,1.7,3.6,4.7,30,31,,3
汉堡VS帕德博恩,1.7,3.7,4.5,31,31,,0
里奥阿维VS埃尔夫斯堡,1.7,3.7,4.5,3,31,,3
波尔图VS毕尔巴鄂,1.7,3.7,4.5,31,31,,3
雷丁VS哈德斯菲尔德,1.75,3.1,4.5,,,,0
阿雅克肖VS尼姆,1.75,3.1,4.5,,,,0
南锡VS阿尔勒,1.75,3.1,4.5,,3,1,1
特鲁瓦VS阿雅GF,1.75,3.1,4.5,,3,,1
奥尔良VS沙托鲁,1.75,3.1,4.5,,3,,3
千叶市原VS北九州,1.75,3.2,4,,,,0
横滨FC VS群马温泉,1.75,3.2,4,,,10,3
海于洛松VS博德闪耀,1.75,3.3,4.2,31,3,,0
累西腓体育VS维多利亚,1.75,3.3,4.2,,,,0
川崎前锋VS大阪樱花,1.75,3.3,4.2,,,30,0
浦和红钻VS广岛三箭,1.75,3.3,4.2,,,30,1
西悉尼VS中央海岸,1.75,3.3,4.2,,,,1
大阪钢巴VS新泻天鹅,1.75,3.3,4.2,,,,3
布莱克本VS伯明翰,1.75,3.3,4.2,3,31,,3
雷 恩VS伊维恩,1.75,3.4,3.7,,,,0
伯恩利VS谢周三,1.75,3.4,3.7,,,,0
沃尔索尔VS科切斯特,1.75,3.4,3.7,,,30,1
米德尔斯堡VS普雷斯顿,1.75,3.4,3.7,,,,3
弗拉门戈VS科里蒂巴,1.75,3.4,3.7,,,,3
圣保利VS桑德豪,1.75,3.4,4.3,,,,0
克鲁塞罗VS科林蒂安,1.75,3.4,4.3,3,31,,0
巴拉纳竞技VS累西腓体育,1.75,3.4,4.3,31,31,,0
累西腓体育VS克里西,1.75,3.4,4.3,,,,3
博卡VS拉菲拉,1.75,3.4,4.3,,,,3
科里蒂巴VS沙佩科,1.75,3.4,4.3,30,31,,3
卡尔马VS耶夫勒,1.75,3.4,4.65,31,31,,3
曼联VS南安普顿,1.75,3.5,4.5,31,3,,0
纽卡斯尔VS水晶宫,1.75,3.5,4.5,3,31,,1
加拉塔萨雷VS安德莱赫特,1.75,3.5,4.5,3,3,,1
国际米兰VS圣埃蒂安,1.75,3.5,4.5,31,31,,1
西班牙人VS拉科,1.75,3.5,4.5,31,31,,1
利物浦VS巴塞尔,1.75,3.5,4.5,31,3,,1
多特VS沃夫斯堡,1.75,3.5,4.5,30,31,,1
福图纳VS特尔斯达,1.75,3.5,4.5,,31,,3
沃夫斯堡VS美因茨,1.75,3.5,4.5,3,31,,3
拉齐奥VS都灵,1.75,3.5,4.5,31,3,,3
东京绿茵VS赞岐釜玉,1.8,3.1,3.8,,,,0
奥尔良VS拉瓦勒,1.8,3.1,4.2,,31,,1
昂热VS图尔,1.8,3.1,4.2,,3,,3
米堡VS谢周三,1.8,3.2,4,,,,0
米堡VS雷丁,1.8,3.2,4,,,,0
皇家西班VS危市政,1.8,3.2,4,,,,1
鸟栖沙岩VS清水鼓动,1.8,3.2,4,,,,1
东京FC VS神户胜利,1.8,3.2,4,,,,1
米尔顿VS考文垂,1.8,3.3,3.6,,,,1
登博思VS瓦尔韦克,1.8,3.3,3.6,,,,3
巴恩斯利VS约克城,1.8,3.3,3.6,,,,3
波尔图VS顿涅茨,1.8,3.35,4.4,30,31,,1
前进之鹰VS多德勒支,1.8,3.4,3.5,,,,0
桑托斯VS 巴拉纳竞技,1.8,3.4,3.7,,,,1
年轻人 VS 德布勒森,1.8,3.4,4,,,,1
日本VS委内瑞拉,1.8,3.4,4,,,,1
科里蒂巴 VS 维多利亚,1.8,3.4,4,30,3,,3
巴竞技VS巴伊亚,1.8,3.4,4,31,31,,3
乌兹别克VS新西兰,1.8,3.4,4,,,31,3
桑普VS亚特兰大,1.8,3.4,4.3,31,31,,3
桑普VS恩波利,1.8,3.4,4.3,10,31,,3
摩纳哥VS波尔多,1.8,3.4,4.35,3,31,,1
捷克VS冰岛,1.8,3.4,4.4,31,31,,3
乌克兰VS斯洛伐克,1.8,3.5,4.2,,,3,0
巴卡列诺VS埃尔切,1.8,3.5,4.2,,,,0
利物浦VS埃弗顿,1.8,3.5,4.2,,,,1
阿森纳VS热刺,1.8,3.5,4.2,3,31,,1
勒沃库森VS门兴,1.8,3.5,4.2,3,31,,1
纽卡斯尔VS伯恩利,1.8,3.5,4.2,30,31,,1
皇家社会VS克拉斯诺达尔,1.8,3.5,4.2,3,3,,3
埃因FC VS阿尔梅克,1.8,3.5,4.2,10,31,,3
希腊人VS奥尔堡,1.8,3.5,4.2,31,31,,3
巴特VS布拉迪斯,1.8,3.5,4.2,10,31,,3
斯旺西VS西布罗姆,1.8,3.5,4.2,31,31,,3
乌迪内斯VS恩波利,1.8,3.5,4.2,10,3,,3
巴勒莫VS切塞那,1.8,3.5,4.2,3,3,,3
乌迪内斯VS亚特兰大,1.8,3.5,4.2,31,31,,3
国际米兰VS桑普,1.8,3.5,4.2,31,31,,3
尼奥尔VS阿雅GFCO,1.85,3.1,4,,,,1
奥尔良VS阿尔勒,1.85,3.1,4,,,,1
第戎VS尼奥尔,1.85,3.1,4,,31,,3
昂热VS阿雅GFCO,1.85,3.1,4,,3,,3
埃因FCVS埃门,1.85,3.2,3.5,,31,,3
埃斯托里VS摩里伦斯,1.85,3.2,3.8,,,,1
阿贾克斯VS埃因霍温,1.85,3.4,3.8,31,31,,0
维多利亚VS费古埃论,1.85,3.4,3.8,,,,0
韩国VS委内瑞拉,1.85,3.4,3.8,,,0,3
科林蒂安VS米内罗竞技,1.85,3.4,3.8,,,,3
巴拉纳竞技VS维多利亚,1.85,3.4,3.8,,,,3
罗马VS佛罗伦萨,1.85,3.45,4,,,,0
阿梅里亚VS科尔多瓦,1.85,3.45,4,,31,,1
西汉姆联VS西布罗姆,1.85,3.45,4,31,31,,1
多特蒙德VS阿森纳,1.85,3.45,4,30,31,,3
尤文图斯VS罗马,1.85,3.45,4,30,3,,3
勒沃库森VS泽尼特,1.85,3.45,4,31,3,,3
佛罗伦萨VS巴勒莫,1.85,3.45,4,31,31,,3
曼城VS利物浦,1.85,3.5,4,,,,3
尼奥尔VS克莱蒙,1.9,3,4,,31,,1
大分三神VS熊本深红,1.9,3.1,3.5,,,31,0
湘南海洋VS松本山雅,1.9,3.1,3.5,,,31,1
千叶市原VS水户蜀葵,1.9,3.1,3.5,,,,3
南锡VS索肖,1.9,3.1,3.8,,,,1
南锡VS尼姆,1.9,3.1,3.9,,31,,1
苏洛VS埃门,1.9,3.2,3.4,,,,0
登博思VS芬洛,1.9,3.2,3.4,,30,,3
登博思VS阿贾青年,1.9,3.2,3.4,,,,3
诺茨郡VS曼斯菲德,1.9,3.2,3.4,,,,3
考文垂VS吉林汉姆,1.9,3.2,3.4,,,3,3
米尔沃尔VS罗瑟汉姆,1.9,3.2,3.6,,,,0
埃及VS突尼斯,1.9,3.2,3.6,,,,0
横滨水手VS名古屋鲸巴,1.9,3.2,3.6,,,,0
浦项制铁VS首尔FC,1.9,3.2,3.6,,,,1
莫桑比克VS尼日尔,1.9,3.2,3.6,,,,1
诺丁汉VS雷丁,1.9,3.2,3.6,,,,3
大阪樱花VS磐田喜悦,1.9,3.2,3.6,,,,3
马拉维VS埃塞俄比亚,1.9,3.2,3.6,,,,3
佛得角VS赞比亚,1.9,3.2,3.6,,,,3
博塔弗戈VS巴伊亚,1.9,3.3,3.7,31,31,,0
沙佩科VS维多利亚,1.9,3.3,3.7,3,31,,0
科林蒂安VS弗鲁米嫩,1.9,3.3,3.7,,,,1
中国VS约旦,1.9,3.3,3.7,,,,1
帕尔梅拉VS科里蒂巴,1.9,3.3,3.7,,,,3
圣保罗VS桑托斯,1.9,3.3,3.7,,,,3
科隆VS弗赖堡,1.9,3.3,4,3,31,,0
都灵VS亚特兰大,1.9,3.3,4,31,31,,1
曼城VS曼联,1.9,3.3,4,3,3,,3
洛里昂VS尼 斯,1.9,3.35,3.9,3,31,,1
帕尔马VS热那亚,1.9,3.4,3.9,3,31,,0
希腊VS罗马尼亚,1.9,3.45,3.8,31,31,,0
斯托克VS莱切斯特,1.9,3.45,3.8,10,31,,0
乌迪内斯VS维罗纳,1.9,3.45,3.8,31,31,,0
毕尔巴鄂VS顿涅茨矿工,1.9,3.45,3.8,31,31,,1
门兴VS美因茨,1.9,3.45,3.8,31,31,,1
因戈施塔VS亚伦,1.9,3.45,3.8,,31,,3
南安普顿VS纽卡斯,1.9,3.45,3.8,3,31,,3
西汉姆联VS女王巡游,1.9,3.45,3.8,10,31,,3
沙尔克04VS里斯本,1.9,3.45,3.8,30,31,,3
门兴VS霍芬海姆,1.9,3.45,3.8,31,31,,3
曼联VS利物浦,1.9,3.45,3.8,3,31,,3
埃弗斯堡VS门兴,1.9,3.6,3.9,30,31,,3
南安普顿VS西布罗姆,1.95,3.35,3.7,3,31,,1
卡斯鲁厄VS海登海默,1.95,3.35,3.7,,,,1
佛罗伦萨VS乌迪内斯,1.95,3.35,3.7,3,31,,3
塞尔塔VS赫塔费,1.95,3.4,3.65,31,31,,3
尼奥尔VS阿弗尔,2,2.9,3.7,,31,3,3
松本山雅VS冈山绿雉,2,3.1,3.2,,,,0
札幌冈萨VS枥木SC,2,3.1,3.2,,,,1
约维尔VS斯坎索普,2,3.1,3.2,,,,1
京都VS北九州,2,3.1,3.2,,,,1
尼姆VS阿尔勒,2,3.1,3.4,,31,,1
阿雅克肖VS沙托鲁,2,3.1,3.4,,31,,1
布伦特VS伯明翰,2,3.2,3.1,,,,0
芬洛VS格拉夫,2,3.2,3.1,,,,0
鹿斯巴达VS福伦丹,2,3.2,3.1,,,,0
诺维奇VS布莱克本,2,3.2,3.1,,,,1
布莱顿VS博尔顿,2,3.2,3.1,,,,1
埃门VS海尔蒙特,2,3.2,3.1,,,,1
克劳利VS剑桥联,2,3.2,3.1,,,,3
横滨水手VS柏太阳神,2,3.2,3.3,,,,0
维冈竞技VS谢周三,2,3.2,3.3,,,,0
科里蒂巴VS弗拉门戈,2,3.2,3.3,,,,1
阿贾青年VS福伦丹,2,3.2,3.3,10,31,,3
利勒斯VS瓦勒伦,2,3.2,3.3,,,,3
几内亚VS多哥,2,3.2,3.3,,,31,3
朗斯VS兰斯,2,3.2,3.75,,,,3
洛里昂VS甘冈,2,3.2,3.75,,,,3
蒙彼利埃VS洛里昂,2,3.2,3.75,,,,3
波尔多VS图卢兹,2,3.2,3.75,10,31,,3
巴西国际VS圣保罗,2,3.3,3,,,,0
巴伊亚VS克里西乌马,2,3.3,3,,,,3
布加勒斯特星VS卢多戈雷茨,2,3.3,3.3,3,31,,0
格拉纳达VS拉科,2,3.3,3.3,3,31,,0
昂热VS阿尔勒,2,3.3,3.3,,,,0
格拉纳VS拉科鲁,2,3.3,3.3,3,31,,1
智利VS墨西哥,2,3.3,3.3,,,,1
米竞技VS格雷米奥,2,3.3,3.3,,,,1
费古埃论VS克里西,2,3.3,3.3,,,,1
费城VS圣何塞,2,3.3,3.3,31,30,,3
凯泽VS布伦瑞特,2,3.3,3.3,,,,3
中国VS科威特,2,3.3,3.3,31,31,,3
巴西VS哥伦比亚,2,3.3,3.3,,,,3
乌迪内斯VS热那亚,2,3.3,3.6,31,3,,0
格拉夫VS瓦尔韦克,2,3.3,3.6,,,,1
拉科VS巴列卡诺,2,3.3,3.6,30,30,,1
水晶宫VS伯恩利,2,3.3,3.6,30,31,,1
AC米兰 VS佛罗伦萨,2,3.3,3.6,31,31,,1
霍芬海姆VS奥格斯堡,2,3.3,3.6,31,31,,3
法兰克VS弗赖堡,2,3.3,3.6,3,3,,3
门 兴VS斯图加,2,3.3,3.6,,,,3
札幌冈萨VS枥木SC,2,3.3,3.6,,,,3
毕尔巴鄂VS那不勒斯,2,3.3,3.6,31,31,,3
维拉VS赫尔城,2,3.3,3.6,,,,3
AC米兰VS拉齐奥,2,3.3,3.6,30,31,,3
塞维利亚VS比利亚雷,2,3.3,3.6,30,31,,3
巴勒莫VS切沃,2,3.3,3.6,31,31,,3
巴勒莫VS帕尔马,2,3.3,3.6,31,31,,3
西布罗姆VS赫尔城,2,3.3,3.6,31,31,,3
波鸿VS柏林联合,2,3.4,3.5,3,31,,1
奥斯VS芬洛,2,3.4,3.5,30,31,,3
特温青年VS马斯特里,2,3.4,3.5,31,31,,3
汉诺威VS汉堡,2,3.4,3.5,31,30,,3
欧塞尔VS瓦朗谢纳,2.05,3,3.5,,31,,0
埃瓦尔VS赫塔菲,2.05,3.3,3.5,31,31,,0
枥木SC VS爱媛FC,2.1,3,3.1,,,,1
枥木SC VS东京绿茵,2.1,3,3.1,,,,3
克莱蒙VS阿雅GF,2.1,3,3.3,,31,,0
班菲尔德VS阿独立,2.1,3,3.3,,,31,0
防卫者VS基尔梅斯,2.1,3,3.3,,,,1
勒阿弗尔VS克雷泰伊,2.1,3,3.3,,3,,1
阿雅克肖VS拉瓦勒,2.1,3,3.3,,31,,1
奥尔良VS布雷斯,2.1,3,3.3,,31,,3
兵工厂VS奥林匹奥,2.1,3,3.3,,,,3
瓦朗谢那VS克雷泰伊,2.1,3.05,3.25,,31,,1
布拉德福VS约维尔,2.1,3.1,3,,,10,0
伯恩矛斯VS诺丁汉森林,2.1,3.1,3.2,31,31,,0
伊蒂哈德VS艾因,2.1,3.1,3.2,31,31,,0
哈德斯VS查尔顿,2.1,3.1,3.2,,,,1
科英布拉VS塞图巴尔,2.1,3.1,3.2,,,,1
博尔顿VS谢周三,2.1,3.1,3.2,,,,1
狼队VS布莱克本,2.1,3.1,3.2,,,,3
瓜亚基尔VS自由队,2.1,3.1,3.2,,,,3
新泻天鹅VS仙台维加,2.1,3.1,3.2,,,,3
意大利VS克罗地亚,2.1,3.1,3.5,30,31,,1
阿尔梅勒VS奥斯,2.1,3.2,2.9,,,,3
恩波利VS亚特兰大,2.1,3.2,3.4,30,31,,1
罗马VS拉齐奥,2.1,3.2,3.4,31,31,,1
亚特兰大VS切沃,2.1,3.2,3.4,31,31,,1
都灵VS帕尔马,2.1,3.2,3.4,3,31,,3
拉科VS埃瓦尔,2.1,3.2,3.4,,31,,3
赫拉克勒VS坎布尔,2.1,3.3,3,,,,0
斯托克VS维 拉,2.1,3.3,3.1,,,,0
耶夫勒VS奥特维达,2.1,3.3,3.1,,,,0
德国VS阿根廷,2.1,3.3,3.1,30,31,,0
多伦多VS费城,2.1,3.3,3.1,,,30,0
沙佩科VS戈亚斯,2.1,3.3,3.1,,,30,1
巴拉纳竞技VS帕尔梅啦,2.1,3.3,3.1,31,31,,1
维多利亚VS戈亚斯,2.1,3.3,3.1,30,31,,1
米竞技VS巴西国际,2.1,3.3,3.1,,,,3
弗拉门戈VS科里蒂巴,2.1,3.3,3.1,31,31,,3
奥尔堡 VS 希腊人,2.1,3.3,3.3,3,31,,0
斯图加特VS科隆,2.1,3.3,3.3,30,31,,0
法兰克福VS奥格斯堡,2.1,3.3,3.3,10,31,,0
土耳其VS捷克,2.1,3.3,3.3,1,31,,0
埃尔夫斯堡 VS 里奥阿维,2.1,3.3,3.3,1,3,,1
塞维利亚VS巴伦西亚,2.1,3.3,3.3,3,30,,1
奥特维达VS厄勒布鲁,2.1,3.3,3.3,31,31,,1
亚特兰大VS维罗纳,2.1,3.3,3.3,1,3,,1
巴勒莫VS桑普,2.1,3.3,3.3,31,31,,1
法兰克福VS柏林赫塔,2.1,3.3,3.3,30,31,,1
科隆VS汉堡,2.1,3.3,3.3,30,31,,3
卢多戈雷茨VS布星,2.1,3.3,3.3,31,31,,3
赫塔费VS阿梅里亚,2.1,3.3,3.3,,31,,3
热刺VS南安普顿,2.1,3.3,3.3,30,31,,3
热刺VS埃弗顿,2.1,3.3,3.3,3,31,,3
萨索洛VS乌迪内斯,2.15,3.2,3.3,3,31,,1
欧塞尔VS奥尔良,2.2,2.8,3.3,,3,1,0
拉瓦勒VS克雷泰,2.2,2.8,3.3,,31,,1
图尔VS昂热,2.2,3,3.1,,,,0
安哥拉VS布基纳法,2.2,3,3.1,,,,0
阿尔勒VS尼姆,2.2,3,3.1,,31,,0
克雷泰VS尼奥尔,2.2,3,3.1,,31,,1
尼姆VS布雷斯特,2.2,3,3.1,,31,,1
克莱蒙VS拉瓦勒,2.2,3,3.1,,,,1
克雷泰伊VS勒阿弗尔,2.2,3,3.1,,31,,1
克莱蒙VS勒阿弗尔,2.2,3,3.1,,10,,3
约维尔VS朴茨茅斯,2.2,3.1,2.8,,,,0
克劳利VS罗奇代尔,2.2,3.1,2.8,,,,0
福利特VS切斯特菲,2.2,3.1,2.8,,,,1
马斯特VS埃青年,2.2,3.1,2.8,,31,,3
斯坎索普VS切菲尔德,2.2,3.1,2.8,,,,3
诺维奇VS伯恩矛斯,2.2,3.1,3,,,,1
布伦特VS谢周三,2.2,3.1,3,30,31,,1
前进之鹰VS SBV精英,2.2,3.1,3,,,,1
加的夫城VS维冈竞技,2.2,3.1,3,31,31,,3
马里迪莫VS科英布拉,2.2,3.1,3,,,,3
塞内加尔VS埃及,2.2,3.1,3,,,31,3
柏太阳神VS横滨水手,2.2,3.1,3,,,31,3
海尔蒙特VS奥斯,2.2,3.2,2.7,,,,3
埃门VS埃因青年,2.2,3.2,2.7,,,,3
丹麦VS土耳其,2.2,3.2,3,30,30,,0
捷克VS美国,2.2,3.2,3,31,31,,0
巴伊亚VS科里蒂巴,2.2,3.2,3,,,30,1
格雷米奥VS科林蒂巴,2.2,3.2,3,,,,3
克雷泰伊VS阿雅GF,2.2,3.2,3,,,,3
克里西VS戈亚斯,2.2,3.2,3,,,,3
卡利亚里VS亚特兰大,2.2,3.2,3.2,30,31,,0
布拉迪斯拉发 VS 巴特,2.2,3.2,3.2,31,31,,1
布拉迪斯VS巴特,2.2,3.2,3.2,,,,1
斯旺西VS西汉姆联,2.2,3.2,3.2,30,31,,1
维罗纳VS巴勒莫,2.2,3.2,3.2,,,,3
伯恩利VS女王巡游,2.2,3.2,3.2,31,31,,3
巡游者VS赫尔城,2.2,3.3,3.1,31,31,,0
柏林赫塔VS美因茨,2.2,3.3,3.1,30,31,,0
埃瓦尔VS拉科,2.2,3.3,3.1,,,,0
西布罗VS桑德兰,2.2,3.3,3.1,10,31,,1
赫 塔VS不来梅,2.2,3.3,3.1,30,31,,1
美因茨VS汉诺威96,2.2,3.3,3.1,30,31,,1
埃尔切VS格拉纳达,2.2,3.3,3.1,30,31,,1
霍芬海姆VS沃尔夫斯堡,2.2,3.3,3.1,31,30,,1
塞尔塔VS皇家社会,2.2,3.3,3.1,,,,1
摩纳哥VS本菲卡,2.2,3.3,3.1,1,31,,1
帕尔马VS卡利亚里,2.2,3.3,3.1,30,30,,1
埃瓦尔VS赫塔菲,2.2,3.3,3.1,31,31,,3
尼斯VS梅斯,2.25,3.15,3.15,,,,3
瑞典VS俄罗斯,2.25,3.2,3.1,10,31,,1
维拉VS水晶宫,2.25,3.2,3.1,31,31,,1
阿独立VS萨斯菲,2.3,2.8,3,,,,0
尼姆VS第戎,2.3,2.8,3.1,,31,3,1
拉普体操VS罗萨里奥,2.3,2.9,3,,,,0
福冈黄蜂VS水户蜀葵,2.3,3,2.7,,,,0
阿尔勒VS索肖,2.3,3,2.9,,31,,1
拉瓦勒VS阿雅克肖,2.3,3,2.9,,31,,1
阿雅克VS图尔,2.3,3,2.9,,30,,3
克鲁VS罗奇代尔,2.3,3.1,2.6,,,,0
彼得堡联VS莱顿东方,2.3,3.1,2.6,,,,0
特尔斯达VS阿尔梅勒,2.3,3.1,2.6,,,,3
奥德汉姆VS布拉德福,2.3,3.1,2.6,,,,3
大阪樱花VS神户胜利,2.3,3.1,2.8,,,,0
罗瑟汉姆VS布伦特,2.3,3.1,2.8,,,,0
谢周三VS米尔沃尔,2.3,3.1,2.8,30,31,,1
诺丁汉VS德比郡,2.3,3.1,2.8,,,,1
沃特福德VS诺丁汉,2.3,3.1,2.8,30,31,,1
布莱克本VS伯恩矛斯,2.3,3.1,2.8,,,,3
狼队VS加的夫城,2.3,3.1,2.8,,,,3
戈亚斯VS弗鲁米嫩,2.3,3.1,2.8,,,,3
喀麦隆VS科特迪瓦,2.3,3.1,2.8,,,,3
乌干达VS几内亚,2.3,3.1,2.8,,,,3
加的夫城VS伊普斯,2.3,3.1,2.8,31,30,,3
佛罗伦萨VS国际米兰,2.3,3.1,3,31,31,,3
朗 斯VS甘 冈,2.3,3.1,3.1,10,31,,0
兰斯VS卡昂,2.3,3.1,3.1,,,,0
南特VS蒙彼利埃,2.3,3.1,3.1,,,,3
维罗纳VS帕尔马,2.3,3.1,3.1,10,31,,3
梅 斯VS南 特,2.3,3.15,3.05,31,31,,1
马斯特里VS芬洛,2.3,3.2,2.5,,,,1
布鲁马VS耶夫勒,2.3,3.2,2.8,30,10,,0
波特兰VS西雅图,2.3,3.2,2.8,,,,0
克里西VS弗拉门戈,2.3,3.2,2.8,,,,0
弗拉门戈VS格雷米奥,2.3,3.2,2.8,,,30,0
克里西VS巴拉那竞技,2.3,3.2,2.8,31,31,,0
帕尔梅啦VS弗拉门戈,2.3,3.2,2.8,10,31,,1
斯塔贝克VS海于洛松,2.3,3.2,2.8,31,30,,3
纽约红牛VS堪萨斯城,2.3,3.2,2.8,,,30,3
巴伊亚VS费古埃论,2.3,3.2,2.8,,,,3
圣保罗VS克鲁塞罗,2.3,3.2,2.8,,,,3
皇家社会VS毕尔巴鄂,2.3,3.2,3,31,31,,1
科尔多瓦VS格拉纳达,2.3,3.2,3,31,30,,1
桑普VS都灵,2.3,3.2,3,,,,3
亚特兰大VS帕尔马,2.3,3.2,3,0,31,,3
西布罗姆VS维拉,2.3,3.2,3,3,31,,3
水晶宫VS西汉姆联,2.3,3.3,2.9,31,31,,0
西汉姆联队VS南安普顿,2.3,3.3,2.9,10,30,,0
比利亚雷VS巴伦西亚,2.3,3.3,2.9,3,31,,0
兹沃勒 VS 布拉格斯巴达,2.3,3.3,2.9,30,30,,1
维拉VS纽卡斯尔,2.3,3.3,2.9,,,,1
赫尔城VS斯托克,2.3,3.3,2.9,10,30,,1
萨索洛VS卡利亚里,2.3,3.3,2.9,3,30,,1
奥地利VS瑞典,2.3,3.3,2.9,,,10,1
波鸿VS卡斯鲁厄,2.3,3.3,2.9,,31,,1
赫尔城VS西汉姆联,2.3,3.3,2.9,,,,1
汉堡VS霍芬海姆,2.3,3.3,2.9,0,30,,1
国际米兰VS那不勒斯,2.3,3.3,2.9,10,31,,1
里尔VS埃弗顿,2.3,3.3,2.9,1,31,,1
切沃VS萨索洛,2.3,3.3,2.9,10,31,,1
不莱梅VS汉诺威96,2.3,3.3,2.9,30,30,,1
美因茨VS斯图加特,2.3,3.3,2.9,30,30,,1
达姆斯达VS亚伦,2.3,3.3,2.9,,,,3
斯图加特VS汉诺威,2.3,3.3,2.9,30,31,,3
立陶宛VS爱沙尼亚,2.3,3.3,2.9,30,31,,3
里杰卡VS费耶诺德,2.3,3.3,2.9,31,30,,3
莱万特VS阿梅里亚,2.3,3.3,2.9,1,3,,3
莱切斯特VS维拉,2.3,3.3,2.9,3,31,,3
里尔VS波尔图,2.3,3.3,3.9,10,31,31,0
罗马VS曼城,2.3,3.4,2.85,31,30,,0
尤文图斯VS马竞,2.35,2.8,2.4,3,31,,1
门兴VS沙尔克,2.35,3.3,2.85,31,30,,3
罗萨里奥VS博卡,2.4,2.9,2.9,,,,1
拉斐拉VS拉普体操,2.4,2.9,2.9,,,10,3
北九州VS福冈黄蜂,2.4,3,2.6,,,,0
京都VS千叶市原,2.4,3,2.6,,,,1
札幌冈萨VS长崎航海,2.4,3,2.6,,,,3
索肖VS第戎,2.4,3,2.8,,0,,0
克雷泰伊VS欧塞尔,2.4,3,2.8,,,,1
克莱蒙VS尼奥尔,2.4,3,2.8,10,30,,1
阿尔勒VS图尔,2.4,3,2.8,,31,,3
昂热VS南锡,2.4,3,2.8,,,,3
奥德汉姆VS福利特,2.4,3.1,2.5,,,,3
博尔顿VS米德尔斯堡,2.4,3.1,2.7,10,31,,0
加的夫城VS米德尔斯堡,2.4,3.1,2.7,10,31,,0
首尔FC VS浦项制铁,2.4,3.1,2.7,1,31,,1
大宫松鼠VS爱媛FC,2.4,3.1,2.7,,,,3
布莱克本VS维冈竞技,2.4,3.1,2.7,,,,3
沙托鲁VS克莱蒙,2.4,3.2,2.7,,,,0
费古埃论VS弗拉门戈,2.4,3.2,2.7,31,31,,0
累西腓体育VS巴拉纳竞技,2.4,3.2,2.7,31,31,,1
累西腓体育VS帕尔梅拉斯,2.4,3.2,2.7,31,31,,3
基马诺克VS马瑟韦尔,2.4,3.2,2.7,,,,3
意大利VS荷兰,2.4,3.2,2.7,31,31,,3
法国VS西班牙,2.4,3.2,2.7,30,31,,3
弗拉门戈VS巴西国际,2.4,3.2,2.7,31,30,,3
塞尔塔VS比利亚雷,2.4,3.2,2.85,30,31,,0
切沃VS热那亚,2.4,3.2,2.85,31,31,,0
斯托克VS斯旺西,2.4,3.2,2.85,31,31,,3
都灵VS乌迪内斯,2.4,3.2,2.85,30,3,,3
海 牙VS格罗宁,2.4,3.3,2.55,30,30,,3
弗莱堡VS汉堡,2.4,3.3,2.75,31,30,,1
广岛三箭VS大阪钢巴,2.45,3,2.55,,,,0
大阪樱花VS柏太阳神,2.45,3,2.55,,,,3
布拉德服VS彼得堡联,2.45,3.1,2.45,,,,0
科切斯特VS唐卡斯特,2.45,3.1,2.45,,,,0
布拉德福德VS利兹联,2.45,3.1,2.45,,,,3
沙尔克VS门兴,2.45,3.3,2.7,10,30,,3
瓦朗谢VS阿弗尔,2.5,3,2.7,,31,,0
维多利亚VS累西腓体育,2.5,3,2.7,,,,3
维尔港VS切斯特菲,2.5,3.1,2.4,,,,0
斯蒂文VS吉林汉姆,2.5,3.1,2.4,,,,0
巴斯蒂亚VS图卢兹,2.5,3.1,2.4,,,,1
摩纳哥VS马赛,2.5,3.1,2.8,30,30,,3
米亚尔VS北雪平,2.5,3.15,2.75,,,,3
里昂VS摩纳哥,2.5,3.15,2.75,,3,,3
明斯克迪纳摩 VS 葡萄牙国民,2.5,3.2,2.6,,,,0
弗鲁米嫩VS克鲁塞,2.5,3.2,2.6,30,10,30,1
累西腓体育VS桑托斯,2.5,3.2,2.6,30,31,,1
费古埃伦斯 VS 博塔弗戈,2.5,3.2,2.6,10,30,,3
弗拉门戈 VS 米内罗竞技,2.5,3.2,2.6,30,30,,3
圣米伦VS邓迪FC,2.5,3.2,2.6,31,3,,3
戈亚斯VS弗拉门戈,2.5,3.2,2.6,30,31,,3
水晶宫VS斯托克城,2.5,3.2,2.75,10,31,,1
水晶宫VS莱切城,2.5,3.2,2.75,10,30,,3
AC米兰 VS那不勒斯,2.5,3.2,2.75,10,30,,3
克拉斯诺VS沃夫斯堡,2.5,3.3,2.65,30,30,,0
桑德豪森VS达姆斯达,2.5,3.3,2.65,10,10,,0
埃门VS登博思,2.5,3.3,2.65,,31,,1
海登VS慕尼黑,2.5,3.3,2.65,30,30,,3
女王巡游VS桑德兰,2.5,3.3,2.65,31,31,,3
西班牙人VS皇家社会,2.5,3.3,2.65,31,31,,3
帕德博恩VS柏林赫塔,2.5,3.3,2.65,0,30,,3
利兹联VS布莱顿,2.55,3.1,2.55,0,30,,0
富勒姆VS加的夫城,2.55,3.1,2.55,,,,1
罗斯托夫VS特拉布宗,2.55,3.4,2.55,,,,1
克拉斯诺达尔VS皇家社会 ,2.55,3.4,2.55,31,30,,3
水户蜀葵VS山形山神,2.6,3,2.4,,,,0
岐阜FC VS札幌冈萨多,2.6,3,2.4,,,,1
熊本深红VS横滨FC,2.6,3,2.4,,,,1
阿雅GFCO VS特鲁瓦,2.6,3,2.6,,10,,0
瓦朗谢娜VS欧塞尔,2.6,3,2.6,,31,,0
拉瓦勒VS第戎,2.6,3,2.6,,,,3
福伦丹VS奈梅亨,2.6,3.1,2.3,,30,,0
哈德斯菲尔德VS诺丁汉森林,2.6,3.1,2.3,,,,0
埃因青年VS埃因FC,2.6,3.1,2.3,,,,0
罗奇代尔VS布里斯托,2.6,3.1,2.3,,,,1
斯文登VS布莱顿,2.6,3.1,2.3,,,,1
图卢兹VS里 昂,2.6,3.1,2.3,,,,3
谢周三VS诺丁汉,2.6,3.1,2.5,,,,0
民主刚果VS喀麦隆,2.6,3.1,2.5,,,,0
桑德兰VS斯旺西,2.6,3.1,2.7,10,31,,1
埃尔切VS西班牙人,2.6,3.1,2.7,31,30,,3
日本VS乌拉圭,2.6,3.2,2.5,,,30,0
博塔弗戈VS帕尔梅啦,2.6,3.2,2.5,10,31,,0
赫根VS马尔默,2.6,3.2,2.5,,,,1
欧塞尔VS南锡,2.6,3.2,2.5,,,,3
福伦丹VS罗达JC,2.6,3.2,2.6,,,,0
柏林联合VS纽伦堡,2.6,3.2,2.6,,30,,0
热刺VS利物浦,2.6,3.2,2.6,,,,0
瑞士VS英格兰,2.6,3.2,2.6,,,0,0
贝尔游击VS贝西克塔斯,2.6,3.2,2.6,31,30,,0
斯旺西VS热刺,2.6,3.2,2.6,31,30,,0
尼斯VS波尔多,2.6,3.2,2.6,,,,1
帕德博VS科隆,2.6,3.2,2.6,10,30,,1
卡利亚里VS桑普,2.6,3.2,2.6,30,30,,1
曼联VS切尔西,2.6,3.2,2.6,1,30,,1
桑德兰VS西汉姆联,2.6,3.2,2.6,30,30,,1
都灵VS AC米兰,2.6,3.2,2.6,31,30,,1
马拉加VS比利亚雷,2.6,3.2,2.6,30,3,,1
马里博尔VS凯尔特人,2.6,3.2,2.6,31,30,,3
兰斯VS图卢兹,2.6,3.2,2.6,,,,3
帕德博恩VS法兰克福,2.6,3.2,2.6,31,30,,3
里昂VS蒙彼利埃,2.6,3.2,2.6,3,3,,3
桑普VS佛罗伦萨,2.6,3.2,2.6,30,30,,3
摩纳哥VS泽尼特,2.6,3.2,2.6,30,31,,3
德布勒森VS年轻人,2.6,3.4,2.5,10,31,,1
卡昂VS雷恩,2.65,3.1,2.65,,,,0
奥厄VS杜塞多夫,2.65,3.3,2.5,,,,0
帕尔马VS AC米兰,2.65,3.3,2.5,30,30,,0
马里博尔 VS 凯尔特人,2.65,3.3,2.5,30,30,,1
女王巡游VS斯旺西,2.65,3.3,2.5,10,30,,1
格拉纳达VS皇家社会,2.65,3.3,2.5,31,30,,1
因戈施塔VS菲尔特,2.65,3.3,2.5,,,,3
卢多戈雷茨VS巴塞尔,2.65,3.3,2.5,31,10,,3
以色列VS波黑,2.65,3.3,2.5,31,30,,3
本菲卡VS勒沃库森,2.65,3.5,2.4,10,10,,1
冈山绿雉VS磐田喜悦,2.7,3,2.3,,,,1
长崎航海VS磐田喜悦,2.7,3,2.3,,,,1
沙托鲁VS奥尔良,2.7,3,2.5,,30,,1
广岛三箭VS大阪钢巴,2.7,3.1,2.4,,,,0
伯明翰VS伊普斯维奇,2.7,3.1,2.4,10,30,,1
卡哈马卡VS卡利体育,2.7,3.1,2.4,,,,1
北九州VS甲府风林,2.7,3.1,2.4,,,,1
比兰尼VS葡国民,2.7,3.1,2.4,,,,3
帕尔梅VS圣保罗,2.7,3.2,2.4,31,30,,0
克里西VS科林蒂安,2.7,3.2,2.4,30,30,30,1
累西腓体育VS巴西国际,2.7,3.2,2.4,30,10,,1
布兰VS罗森博格,2.7,3.2,2.4,30,30,,3
沙佩科恩斯 VS 弗鲁米嫩塞,2.7,3.2,2.4,10,30,,3
维多利亚VS弗鲁米嫩,2.7,3.2,2.4,31,30,,3
科里蒂巴VS圣保罗,2.7,3.2,2.4,31,10,,3
波尔多VS摩纳哥,2.75,3.15,2.5,31,10,,3
慕尼黑VS弗莱堡,2.75,3.3,2.4,30,10,,0
法兰克福VS门兴,2.75,3.3,2.4,30,30,,0
那不勒斯VS尤文图斯,2.75,3.3,2.4,30,10,,0
菲尔特VS因戈施塔,2.75,3.3,2.4,,10,,0
埃弗顿VS阿森纳 ,2.75,3.3,2.4,10,30,,1
不莱梅VS霍芬海姆,2.75,3.3,2.4,0,30,,1
弗赖堡VS门兴,2.75,3.3,2.4,10,30,,1
都灵VS国际米兰,2.75,3.3,2.4,0,10,,1
阿森纳VS曼城,2.75,3.3,2.4,,,,1
塞尔塔VS巴伦西亚,2.75,3.3,2.4,31,30,,1
亚伦VS达姆斯达,2.75,3.3,2.4,,30,,1
洛克伦 VS 赫尔城,2.75,3.3,2.4,30,30,,3
马拉加VS毕尔巴鄂,2.75,3.3,2.4,31,31,,3
摩纳哥VS勒沃库森,2.75,3.3,2.4,10,10,,3
南安普顿VS阿森纳,2.75,3.3,2.4,31,10,,3
戈多伊VS河床,2.8,2.9,2.5,,,,0
阿基里斯VS福图纳,2.8,3.1,2.2,,,,0
韦康比VS考文垂,2.8,3.1,2.2,,,,0
多哈萨德VS希拉尔,2.8,3.1,2.3,30,30,,1
巴伊亚VS巴西国际,2.8,3.1,2.3,,,,1
长崎航海VS千叶市原,2.8,3.1,2.3,,,,1
查尔顿VS狼队,2.8,3.1,2.3,30,30,,1
甲府风林VS鸟栖沙岩,2.8,3.1,2.3,,,,3
甘冈VS波尔多,2.8,3.1,2.5,31,10,,3
哈尔姆VS赫根,2.8,3.2,2.3,10,30,,0
韩国VS乌拉圭,2.8,3.2,2.3,,,,0
巴伊亚VS科林蒂安,2.8,3.2,2.3,31,30,,0
费古埃伦VS弗鲁米嫩,2.8,3.2,2.3,31,30,,1
圣约翰VS阿伯丁,2.8,3.2,2.3,,,,3
维多利亚VS巴西国际,2.8,3.2,2.3,,,,3
沙托鲁VS克莱蒙,2.85,2.8,2.55,,31,1,3
切塞那VS帕尔马,2.85,3.2,2.4,31,10,,3
汉诺威VS沙尔克,2.85,3.4,2.3,30,30,,3
山形山神VS湘南海洋,2.9,3,2.2,,,,0
富山胜利VS岐阜FC,2.9,3,2.2,,,,1
帕德博恩VS门兴,2.9,3.2,2.3,10,10,,0
保加利亚VS克罗地亚,2.9,3.3,2.3,10,30,,0
塞萨洛尼VS佛罗伦萨,2.9,3.3,2.3,1,10,,0
帕德博恩VS沙尔克04,2.9,3.3,2.3,31,30,,0
帕德博VS美因茨,2.9,3.3,2.3,13,10,,1
赫尔城VS埃弗顿,2.9,3.3,2.3,30,10,,3
拉科VS毕尔巴鄂,2.9,3.3,2.3,30,30,,3
佩斯卡拉VS切沃,3,2.8,2.4,,,,3
纳塔尔VS达伽马,3,3.1,2.1,,,,3
大阪樱花VS川崎前锋,3,3.1,2.2,,,,0
苏丹VS南非,3,3.1,2.2,,,10,0
名古屋鲸巴VS川崎前锋,3,3.1,2.2,,,,1
广岛三箭VS浦和红钻,3,3.1,2.2,,,,1
神户胜利VS大阪钢巴,3,3.1,2.2,,,,1
米亚尔VS赫尔辛堡,3,3.2,2.2,,,,0
玻利维亚VS厄瓜多尔,3,3.2,2.2,,,30,0
赫尔辛堡VS埃尔夫,3,3.2,2.2,30,31,,3
博塔弗VS弗鲁米,3,3.2,2.2,10,10,,3
大宫松鼠VS湘南海洋,3.1,3,2.1,,,,3
蒙彼利埃VS马赛,3.1,3.1,2.2,,,,3
斯坎索普VS雷丁,3.1,3.2,2,,,,0
克鲁VS博尔顿,3.1,3.2,2,,,,1
费古埃VS米内罗,3.1,3.3,2.1,31,10,,1
西汉姆VS热 刺,3.1,3.3,2.2,10,10,,0
标准列日 VS 圣彼得堡泽尼特,3.1,3.3,2.2,0,10,10,0
莱万特VS比利亚,3.1,3.3,2.2,30,10,,0
阿塞拜疆VS保加利亚,3.1,3.3,2.2,30,10,,0
塞浦路斯VS以色列,3.1,3.3,2.2,10,10,,0
埃斯托里VS莫迪纳摩,3.1,3.3,2.2,10,10,,0
南安普顿VS曼城,3.1,3.3,2.2,30,10,,0
莱切城VS埃弗顿,3.1,3.3,2.2,31,10,,1
威尔士VS波黑,3.1,3.3,2.2,30,10,,1
芬兰VS希腊,3.1,3.3,2.2,10,10,,1
沙尔克VS多特,3.1,3.3,2.2,30,30,,3
年轻人VS那不勒斯,3.1,3.3,2.2,31,10,,3
奥厄VS莱比锡红牛,3.1,3.3,2.2,,10,,3
多特VS拜仁,3.1,3.4,2.2,30,30,,3
群马温泉VS京都,3.2,3.1,2,,,,0
爱媛FC VS山形山神,3.2,3.1,2,,,,3
仙台维加VS横滨水手,3.2,3.1,2.1,,,,0
莱索托VS加蓬,3.2,3.1,2.1,,,,1
沙特VS澳大利亚,3.2,3.2,2.1,,,31,0
塞尔维亚VS法国,3.2,3.2,2.1,,,31,1
格鲁吉亚VS爱尔兰,3.2,3.2,2.2,30,10,31,0
西布罗姆VS埃弗顿,3.2,3.2,2.2,10,10,,0
白俄罗斯VS乌克兰,3.2,3.2,2.2,31,10,,0
切塞那VS热那亚,3.2,3.2,2.2,30,10,,0
卡利亚里VS佛罗伦萨,3.2,3.2,2.2,10,10,,0
热那亚VS罗马,3.2,3.2,2.2,30,10,,0
斯洛文尼亚VS瑞士,3.2,3.2,2.2,10,10,,3
亚美尼亚VS塞尔维亚,3.2,3.3,2.15,30,10,,1
甘冈VS马赛,3.3,3.1,2.2,,,,0
戈多伊VS河床,3.3,3.2,2,,,,0
多哥VS加纳,3.3,3.2,2,,,,0
戈亚斯VS克鲁塞罗,3.3,3.3,2,,,,0
博塔弗戈VS圣保罗,3.3,3.3,2,10,10,,0
奥特维VS哥德堡,3.3,3.3,2,30,10,,1
桑内斯VS维京,3.3,3.3,2,,,,1
马竞VS皇马,3.3,3.3,2,,10,,3
久尔久VS里昂,3.3,3.3,2.1,31,10,,0
热那亚VS那不勒斯,3.3,3.3,2.1,1,10,,0
利物浦VS皇马,3.3,3.3,2.1,0,10,,0
维拉VS热刺,3.3,3.3,2.1,10,10,,0
霍芬海姆VS勒沃库森,3.3,3.3,2.1,30,10,,0
卢甘斯克黎明 VS 费耶诺德,3.3,3.3,2.1,31,10,,1
慕尼黑VS凯泽,3.3,3.3,2.1,0,10,,1
埃瓦尔VS社 会,3.3,3.3,2.1,31,30,,3
水晶宫VS热刺,3.3,3.3,2.1,31,10,,3
佐里亚VS费耶诺德,3.3,3.3,2.3,,,,1
维尔港VS加的夫城,3.4,3.2,1.9,,,,0
米尔沃尔VS南安普顿,3.4,3.2,1.9,,,,0
沃尔索尔VS水晶宫,3.4,3.2,1.9,,,,0
伯明翰VS桑德兰,3.4,3.2,1.9,,,,0
南 特VS摩纳哥,3.4,3.2,2.1,31,10,,0
加拉塔萨VS阿森纳,3.4,3.5,2,30,30,,0
伊维恩VS马赛,3.45,3.15,2.1,10,10,,0
法儿肯堡VS哥德堡,3.5,3.3,1.95,,,,0
摩里伦斯VS布拉加,3.6,3.2,1.9,,,,0
清水鼓动VS浦和红钻,3.6,3.2,1.9,,,,0
海尔蒙特VS奈梅亨,3.6,3.3,1.8,,,,0
埃弗顿VS切尔西,3.6,3.3,2,10,10,,0
维罗纳VS AC米兰,3.6,3.3,2,0,10,,0
埃尔切VS塞维利亚,3.6,3.3,2,10,10,,0
罗马VS拜仁,3.6,3.3,2,30,10,,0
阿塞拜疆VS挪威,3.6,3.3,2,30,10,,0
FSV法兰VS莱红牛,3.6,3.3,2,,10,,1
亚伦VS凯泽,3.6,3.3,2,,10,,1
桑德兰VS热刺,3.6,3.3,2,31,10,,1
阿贾克斯VS巴黎圣日耳曼,3.6,3.3,2,0,10,,1
马里博尔VS里斯本竞技,3.6,3.3,2,10,10,,1
标准烈日VS塞维利亚,3.6,3.3,2,10,10,,1
卡利亚里VS  AC米兰,3.6,3.3,2,30,10,,1
爱沙尼亚VS斯洛文尼亚,3.6,3.3,2,,,10,3
奥林匹亚VS尤文图斯,3.6,3.3,2,10,10,,3
布雷达VS特温特,3.7,3.4,1.75,,,,3
埃因青年VS奈梅亨,3.7,3.4,1.75,,,,3
阿基里斯VS阿贾青年,3.7,3.4,1.8,,,,1
富山胜利VS大分三神,3.8,3.1,1.8,,,,1
哥本哈根VS勒沃库森,3.8,3.45,1.9,30,10,,0
加拉塔萨雷VS多特蒙德,3.8,3.45,1.9,30,10,,0
格拉纳达VS比利亚雷,3.8,3.45,1.9,10,10,,1
阿尔巴尼亚VS丹麦,3.8,3.45,1.9,31,10,,1
亚特兰大VS那不勒斯,3.8,3.45,1.9,10,10,,1
埃弗顿VS曼城,3.8,3.45,1.9,30,10,,1
卡拉比克体育 VS 圣埃蒂安,3.8,3.45,1.9,31,10,,3
卡拉体育VS圣埃蒂安,3.8,3.45,1.9,,,,3
捷克VS荷兰,3.8,3.45,1.9,10,10,,3
冰岛VS土耳其,3.8,3.45,1.9,10,10,,3
拉科VS巴伦西亚,3.8,3.45,1.9,10,10,,3
热刺VS切尔西,3.8,3.45,1.9,0,10,,3
马里博尔VS沙尔克04,3.8,3.8,1.8,30,10,,0
伯顿VS女王巡游,3.9,3.4,1.7,,,,3
弗赖堡VS勒沃库森,3.9,3.5,1.85,0,10,,1
布莱克浦VS沃特福德,4,3.2,1.8,0,10,,0
科尔多瓦VS比利亚雷,4,3.45,1.85,10,10,,0
马尔默VS萨尔斯堡,4.1,4,1.7,0,10,,3
特尔斯VS罗达JC,4.2,3.4,1.65,,10,,0
巴特VS顿捏次旷工,4.2,3.5,1.8,0,10,,0
伯恩利VS埃弗顿,4.2,3.5,1.8,10,10,,0
贝西克塔斯VS阿森纳,4.2,3.5,1.8,10,10,,1
埃尔切VS比利亚雷,4.2,3.5,1.8,0,10,,1
伯恩利VS南安普顿,4.2,3.5,1.8,0,10,,3
布莱克浦VS德比郡,4.3,3.4,1.7,10,10,,0
山形山神VS鸟栖沙岩,4.3,3.4,1.7,,,,1
萨普斯堡VS莫尔德,4.3,3.4,1.75,0,10,,0
挪威VS意大利,4.5,3.2,1.8,10,10,,0
阿基里VS鹿特丹,4.5,3.5,1.6,,10,,0
伊斯普尔VS麦国民,4.5,3.5,1.65,,,,1
切塞那VS国际米兰,4.5,3.5,1.75,0,10,,0
卡拉巴赫 VS 特温特,4.5,3.5,1.75,31,10,,1
卡拉巴克VS特温特,4.5,3.5,1.75,,,,1
莱斯切特VS阿森纳,4.5,3.5,1.75,,,,1
埃塞俄比亚VS阿尔及利亚,4.6,3.4,1.65,,,,0
阿玛索尔VS莫火车头,4.7,3.6,1.7,,,,1
斯托克VS曼联,4.7,3.6,1.7,,,,1
大宫松鼠VS鹿岛鹿角,4.8,3.6,1.6,,,,3
纽卡斯VS曼城,4.9,3.7,1.65,10,10,,0
桑德兰VS曼 联,4.9,3.7,1.65,0,0,,1
奥格斯堡VS多特蒙德,5,3.9,1.6,,0,,0
比利亚VS皇马,5,3.9,1.6,10,0,,0
巴伦西亚VS巴萨,5,3.9,1.6,0,0,,0
法兰克福VS多特,5,3.9,1.6,0,10,,3
柏林赫塔VS多特蒙德,5,4,1.6,0,10,,3
RNK斯普利特 VS 都灵,5.1,3.6,1.65,10,10,,1
比利亚雷VS巴萨,5.3,4.1,1.55,10,0,,0
恩波利VS罗马,5.4,3.7,1.6,,,,0
摩尔多瓦VS奥地利,5.4,3.7,1.6,0,0,,0
赫塔费VS马竞,5.4,3.7,1.6,0,0,,0
切塞那VS佛罗伦萨,5.4,3.7,1.6,0,10,,0
吉林汉姆VS纽卡斯尔联队,5.4,3.8,1.45,,,,0
安德莱赫特VS阿森纳,5.4,3.9,1.57,10,10,,0
赫尔城VS曼城,5.5,3.8,1.57,10,10,,0
沙尔克04VS拜仁,5.5,4,1.55,30,0,,1
切沃VS尤文图斯,5.6,3.9,1.55,0,0,,0
希腊人VS巴黎圣日耳曼,5.6,3.9,1.55,10,0,,0
莫斯科陆军VS曼城,5.6,3.9,1.55,10,0,,1
布鲁马波VS佐加顿斯,5.7,3.8,1.5,,,0,0
巴列卡诺VS马竞,6.1,4,1.5,,,0,0
索利戈尔斯克矿工VS PSV埃因霍温,6.1,4,1.5,10,10,0,0
伯恩利VS曼联,6.1,4,1.5,,,0,1
波兰VS德国,6.1,4,1.5,10,10,,3
热那亚VS尤文图斯,6.1,4,1.5,10,10,,3
费雷拉VS波尔图,6.5,4,1.4,,,0,0
萨拉热窝 VS 门兴格拉德巴赫,6.8,4.6,1.4,0,10,0,0
赞岐釜玉VS湘南海洋,7,4,1.35,,,,0
米尔顿VS曼联,7,4,1.35,,,0,3
皇家社会VS皇马,7,4,1.45,0,0,0,3
甘冈VS日耳曼,7,4,1.45,0,0,,3
AEL利马索尔 VS 托特纳姆热刺,7.3,4.4,1.4,0,0,0,0
莱切斯特VS曼城,7.3,4.4,1.4,30,10,,0
斯洛伐克VS西班牙,7.3,4.4,1.4,10,0,,3
科隆VS拜仁,7.3,5,1.35,10,0,,0
巴斯蒂亚VS日耳曼,7.5,4.3,1.4,0,0,,3
伊维恩VS日耳曼,7.5,4.6,1.37,,0,0,1
汉堡VS拜仁,8,5,1.33,0,0,,0
奥格斯堡VS拜仁,8.5,5,1.32,10,0,,0
马耳他VS挪威,9,5,1.3,10,0,,0
赫塔菲VS巴萨,9,6,1.25,0,0,,1
玻利维亚VS墨西哥,10,5,1.25,,,,0
法罗群岛VS芬兰,10.3,5.5,1.25,0,0,0,0
加尔扎拜尔星 VS 国际米兰,12,5.5,1.22,0,0,0,0
列士敦VS黑山,12.5,6,1.2,0,0,,1
直布罗陀VS波兰,25,11,1.05,0,0,0,0